Diag_Result,Range,Stand_Dev,Maximum,Mean
M,2139.4,367.93797760667024,2501,978.3764150943397
B,848.6,134.2871181470596,992.1,462.7901960784314
